INSERT INTO Recurso(IdRecurso, Descricao, NumUtilizacao, Validade)
Values (1, 'seringa', 0, '2020-03-05');

INSERT INTO Recurso(IdRecurso, Descricao, NumUtilizacao, Validade)
Values (2, 'cama', 5, '2033-09-10');

INSERT INTO Recurso(IdRecurso, Descricao, NumUtilizacao, Validade)
Values (3, 'cama', 2, '2027-11-05');

INSERT INTO Recurso(IdRecurso, Descricao, NumUtilizacao, Validade)
Values (4, 'seringa', 0, '2019-07-09');

INSERT INTO Recurso(IdRecurso, Descricao, NumUtilizacao, Validade)
Values (5, 'maca', 10, '2019-02-11');

INSERT INTO Recurso(IdRecurso, Descricao, NumUtilizacao, Validade)
Values (6, 'bisturi', 7, '2020-01-05');

INSERT INTO Recurso(IdRecurso, Descricao, NumUtilizacao, Validade)
Values (7, 'otoscopio', 30, '2022-06-12');

INSERT INTO Recurso(IdRecurso, Descricao, NumUtilizacao, Validade)
Values (8, 'cama', 175,'2018-07-10');

INSERT INTO Recurso(IdRecurso, Descricao, NumUtilizacao, Validade)
Values (9, 'maca', 10, '2018-08-08');

INSERT INTO Recurso(IdRecurso, Descricao, NumUtilizacao, Validade)
Values (10, 'seringa', 1,'2022-02-02');

INSERT INTO Recurso(IdRecurso, Descricao, NumUtilizacao, Validade)
Values (11, 'seringa', 1,'2022-02-02');

INSERT INTO Recurso(IdRecurso, Descricao, NumUtilizacao, Validade)
Values (12, 'seringa', 1,'2022-02-02');

INSERT INTO Recurso(IdRecurso, Descricao, NumUtilizacao, Validade)
Values (13, 'medicamentos', 1,'2019-02-02');

INSERT INTO Recurso(IdRecurso, Descricao, NumUtilizacao, Validade)
Values (14, 'cama', 15,'2018-07-10');

INSERT INTO Recurso(IdRecurso, Descricao, NumUtilizacao, Validade)
Values (15, 'cama', 20,'2018-07-10');

INSERT INTO Recurso(IdRecurso, Descricao, NumUtilizacao, Validade)
Values (16, 'cama', 25,'2018-07-10');

INSERT INTO Recurso(IdRecurso, Descricao, NumUtilizacao, Validade)
Values (17, 'cama', 50,'2018-07-10');

INSERT INTO Recurso(IdRecurso, Descricao, NumUtilizacao, Validade)
Values (18, 'cama', 10,'2018-07-10');

INSERT INTO Recurso(IdRecurso, Descricao, NumUtilizacao, Validade)
Values (19, 'cama', 15,'2018-07-10');

INSERT INTO Recurso(IdRecurso, Descricao, NumUtilizacao, Validade)
Values (20, 'cama', 15,'2018-07-10');
---------------------------------------------------------------------

--Gera(IdMarcacao, IdECli)

INSERT INTO Gera(IdMarcacao, IdECli)
Values(1, 1);

INSERT INTO Gera(IdMarcacao, IdECli)
Values(2, 2);

INSERT INTO Gera(IdMarcacao, IdECli)
Values(3, 1);

INSERT INTO Gera(IdMarcacao, IdECli)
Values(4, 3);

INSERT INTO Gera(IdMarcacao, IdECli)
Values(5, 5);

INSERT INTO Gera(IdMarcacao, IdECli)
Values(6, 6);

INSERT INTO Gera(IdMarcacao, IdECli)
Values(7, 7);

INSERT INTO Gera(IdMarcacao, IdECli)
Values(8, 4);

INSERT INTO Gera(IdMarcacao, IdECli)
Values(9, 9);

INSERT INTO Gera(IdMarcacao, IdECli)
Values(10, 10);
---------------------------------------------------

--HistoricoClinico(IdHistoricoClinico, IdUtente)

INSERT INTO -HistoricoClinico(IdHistoricoClinico, IdUtente)
Values(1,1);

INSERT INTO -HistoricoClinico(IdHistoricoClinico, IdUtente)
Values(2,2);

INSERT INTO -HistoricoClinico(IdHistoricoClinico, IdUtente)
Values(3,3);

INSERT INTO -HistoricoClinico(IdHistoricoClinico, IdUtente)
Values(4,4);

INSERT INTO -HistoricoClinico(IdHistoricoClinico, IdUtente)
Values(5,5);

INSERT INTO -HistoricoClinico(IdHistoricoClinico, IdUtente)
Values(6,6);

INSERT INTO -HistoricoClinico(IdHistoricoClinico, IdUtente)
Values(7,7);

INSERT INTO -HistoricoClinico(IdHistoricoClinico, IdUtente)
Values(8,8);

INSERT INTO -HistoricoClinico(IdHistoricoClinico, IdUtente)
Values(9,9);

INSERT INTO -HistoricoClinico(IdHistoricoClinico, IdUtente)
Values(10,10);
--------------------------------------------------------------

--Agenda(IdECli, IdHorarioLocal)

INSERT INTO Agenda(IdECli, IdHorarioLocal)
Values(1, 29 );

INSERT INTO Agenda(IdECli, IdHorarioLocal)
Values(2, 17);

INSERT INTO Agenda(IdECli, IdHorarioLocal)
Values(3, 41);

INSERT INTO Agenda(IdECli, IdHorarioLocal)
Values(4, 9);

INSERT INTO Agenda(IdECli, IdHorarioLocal)
Values(5, 24);

INSERT INTO Agenda(IdECli, IdHorarioLocal)
Values(6, 49);

INSERT INTO Agenda(IdECli, IdHorarioLocal)
Values(7, 39);

INSERT INTO Agenda(IdECli, IdHorarioLocal)
Values(8, 50);

INSERT INTO Agenda(IdECli, IdHorarioLocal)
Values(9, 19);

INSERT INTO Agenda(IdECli, IdHorarioLocal)
Values(10, 33);

--------------------------------------------------
